Transverse field Ising Model quantum Monte Carlo simulation data,
Ssytem size,32
,
h,<|m|>
0.8,0.880314348
0.85,0.851729778
0.9,0.811670463
0.95,0.741060799
1,0.569485378
1.05,0.333828539
1.1,0.211542187
1.15,0.150773473
